{
  "parameters": {
    "name": "chipA",
    "compute_tflops": 1020,
    "memory_bandwidth_tbs": 7,
    "sram_capacity_gb": 21,
    "interconnect_bandwidth_tbs": 21,
    "power_efficiency_tflops_w": 1.6,
    "chip_count": 56,
    "model_size_b": 671,
    "precision_bits": 8
  },
  "curve": {
    "x": [
      10.0,
      14.974874371859297,
      19.949748743718594,
      24.924623115577887,
      29.899497487437184,
      34.87437185929648,
      39.849246231155774,
      44.824120603015075,
      49.79899497487437,
      54.77386934673366,
      59.74874371859296,
      64.72361809045225,
      69.69849246231155,
      74.67336683417085,
      79.64824120603015,
      84.62311557788944,
      89.59798994974874,
      94.57286432160804,
      99.54773869346732,
      104.52261306532662,
      109.49748743718592,
      114.47236180904521,
      119.44723618090451,
      124.42211055276381,
      129.3969849246231,
      134.3718592964824,
      139.3467336683417,
      144.321608040201,
      149.2964824120603,
      154.27135678391957,
      159.24623115577887,
      164.22110552763817,
      169.19597989949747,
      174.17085427135677,
      179.14572864321607,
      184.12060301507537,
      189.09547738693465,
      194.07035175879395,
      199.04522613065325,
      204.02010050251255,
      208.99497487437185,
      213.96984924623115,
      218.94472361809042,
      223.91959798994972,
      228.89447236180902,
      233.86934673366832,
      238.84422110552762,
      243.81909547738692,
      248.7939698492462,
      253.7688442211055,
      258.7437185929648,
      263.7185929648241,
      268.6934673366834,
      273.6683417085427,
      278.643216080402,
      283.6180904522613,
      288.5929648241206,
      293.5678391959799,
      298.54271356783914,
      303.51758793969844,
      308.49246231155774,
      313.46733668341705,
      318.44221105527635,
      323.41708542713565,
      328.39195979899495,
      333.36683417085425,
      338.34170854271355,
      343.31658291457285,
      348.29145728643215,
      353.26633165829145,
      358.24120603015075,
      363.21608040201,
      368.1909547738693,
      373.1658291457286,
      378.1407035175879,
      383.1155778894472,
      388.0904522613065,
      393.0653266331658,
      398.0402010050251,
      403.0150753768844,
      407.9899497487437,
      412.964824120603,
      417.9396984924623,
      422.9145728643216,
      427.88944723618084,
      432.86432160804014,
      437.83919597989944,
      442.81407035175874,
      447.78894472361804,
      452.76381909547734,
      457.73869346733665,
      462.71356783919595,
      467.68844221105525,
      472.66331658291455,
      477.63819095477385,
      482.61306532663315,
      487.5879396984924,
      492.5628140703517,
      497.537688442211,
      502.5125628140703,
      507.4874371859296,
      512.4623115577889,
      517.4371859296482,
      522.4120603015075,
      527.3869346733668,
      532.3618090452261,
      537.3366834170854,
      542.3115577889447,
      547.286432160804,
      552.2613065326633,
      557.2361809045226,
      562.2110552763819,
      567.1859296482412,
      572.1608040201005,
      577.1356783919598,
      582.1105527638191,
      587.0854271356783,
      592.0603015075376,
      597.0351758793969,
      602.0100502512562,
      606.9849246231155,
      611.9597989949748,
      616.9346733668341,
      621.9095477386934,
      626.8844221105527,
      631.859296482412,
      636.8341708542713,
      641.8090452261306,
      646.7839195979899,
      651.7587939698492,
      656.7336683417085,
      661.7085427135678,
      666.6834170854271,
      671.6582914572864,
      676.6331658291457,
      681.608040201005,
      686.5829145728643,
      691.5577889447236,
      696.5326633165829,
      701.5075376884422,
      706.4824120603015,
      711.4572864321607,
      716.43216080402,
      721.4070351758793,
      726.3819095477386,
      731.3567839195979,
      736.3316582914572,
      741.3065326633165,
      746.2814070351758,
      751.2562814070351,
      756.2311557788944,
      761.2060301507537,
      766.180904522613,
      771.1557788944723,
      776.1306532663316,
      781.1055276381909,
      786.0804020100502,
      791.0552763819095,
      796.0301507537688,
      801.0050251256281,
      805.9798994974874,
      810.9547738693467,
      815.929648241206,
      820.9045226130653,
      825.8793969849246,
      830.8542713567839,
      835.8291457286432,
      840.8040201005024,
      845.7788944723617,
      850.753768844221,
      855.7286432160803,
      860.7035175879396,
      865.6783919597989,
      870.6532663316582,
      875.6281407035175,
      880.6030150753768,
      885.5778894472361,
      890.5527638190954,
      895.5276381909547,
      900.502512562814,
      905.4773869346733,
      910.4522613065326,
      915.4271356783919,
      920.4020100502512,
      925.3768844221105,
      930.3517587939698,
      935.3266331658291,
      940.3015075376884,
      945.2763819095477,
      950.251256281407,
      955.2261306532663,
      960.2010050251256,
      965.1758793969848,
      970.1507537688441,
      975.1256281407034,
      980.1005025125627,
      985.075376884422,
      990.0502512562813,
      995.0251256281406,
      1000.0
    ],